{
  "knockout": "libs/knockout/knockout-3.4.0",
  "jquery": "libs/jquery/jquery-2.1.3.min",
  "jqueryui-amd": "libs/jquery/jqueryui-amd-1.11.4.min",
  "promise": "libs/es6-promise/promise-1.0.0.min",
  "hammerjs": "libs/hammer/hammer-2.0.4.min",
  "ojdnd": "libs/dnd-polyfill/dnd-polyfill-1.0.0.min",
  "ojs": "libs/oj/v2.0.0/min",
  "ojL10n": "libs/oj/v2.0.0/ojL10n",
  "ojtranslations": "libs/oj/v2.0.0/resources",
  "text": "libs/require/text",
  "signals": "libs/js-signals/signals.min"
}